{
  "eye": {
    "orientation": [
      -0.03141041845083237,
      0,
      0,
      -0.9995065927505493
    ],
    "magnitude": 1,
    "position": [
      0,
      -16.166826248168945,
      255.49049377441406
    ]
  },
  "radius": 256,
  "type": "ORTHOGRAPHIC"
}